{"cameraMode":{"drawMode":0,"name":"Shaded","section":"Shading Mode"},"sceneLighting":true,"audioPlay":false,"sceneViewState":{"m_AlwaysRefresh":false,"showFog":true,"showSkybox":true,"showFlares":true,"showImageEffects":true,"showParticleSystems":true,"showVisualEffectGraphs":true,"m_FxEnabled":true},"in2DMode":false,"pivot":{"x":-0.40593576431274416,"y":0.7663998603820801,"z":-0.414567232131958},"rotation":{"x":0.002585961716249585,"y":0.977578341960907,"z":-0.21021360158920289,"w":0.012025697156786919},"size":1.7225499153137208,"orthographic":false}